{"cameraMode":{"drawMode":0,"name":"Shaded","section":"Shading Mode"},"sceneLighting":true,"audioPlay":false,"sceneViewState":{"showFog":false,"showMaterialUpdate":false,"showSkybox":false,"showFlares":false,"showImageEffects":false,"showParticleSystems":false},"in2DMode":false,"pivot":{"x":0.01100759208202362,"y":0.2655453383922577,"z":2.4857261180877687},"rotation":{"x":0.2895486354827881,"y":0.24756039679050446,"z":-0.07780158519744873,"w":0.9213266372680664},"size":5.265617847442627,"orthographic":false}