{"cameraMode":{"drawMode":0,"name":"Shaded","section":"Shading Mode"},"sceneLighting":true,"audioPlay":false,"sceneViewState":{"showFog":false,"showMaterialUpdate":false,"showSkybox":false,"showFlares":false,"showImageEffects":false,"showParticleSystems":false},"in2DMode":false,"pivot":{"x":-0.0000013113021850585938,"y":1.7143809795379639,"z":0.0000011026859283447266},"rotation":{"x":-0.2856171131134033,"y":0.6482645869255066,"z":-0.28717827796936037,"w":-0.6447895169258118},"size":0.8463850617408752,"orthographic":true}