{"cameraMode":{"drawMode":0,"name":"Shaded","section":"Shading Mode"},"sceneLighting":true,"audioPlay":false,"sceneViewState":{"showFog":false,"showMaterialUpdate":false,"showSkybox":false,"showFlares":false,"showImageEffects":false,"showParticleSystems":false},"in2DMode":false,"pivot":{"x":-9.234173774719239,"y":2.544522285461426,"z":-0.3393230438232422},"rotation":{"x":0.0033728964626789095,"y":0.6627650856971741,"z":-0.0029787111561745407,"w":0.7488357424736023},"size":7.472940444946289,"orthographic":true}