{"cameraMode":{"drawMode":0,"name":"Shaded","section":"Shading Mode"},"sceneLighting":false,"audioPlay":false,"sceneViewState":{"showFog":false,"showMaterialUpdate":false,"showSkybox":false,"showFlares":false,"showImageEffects":false,"showParticleSystems":false},"in2DMode":false,"pivot":{"x":4.62989616394043,"y":-3.4516377449035646,"z":-1.4465160369873047},"rotation":{"x":0.23234005272388459,"y":0.5620567202568054,"z":-0.16833683848381043,"w":0.7757537364959717},"size":3.9310474395751955,"orthographic":false}