{"cameraMode":{"drawMode":0,"name":"Shaded","section":"Shading Mode"},"sceneLighting":false,"audioPlay":false,"sceneViewState":{"showFog":false,"showMaterialUpdate":false,"showSkybox":false,"showFlares":false,"showImageEffects":false,"showParticleSystems":false},"in2DMode":false,"pivot":{"x":4.092655658721924,"y":-3.426877021789551,"z":0.24576425552368165},"rotation":{"x":0.23234005272388459,"y":0.5620567202568054,"z":-0.16833683848381043,"w":0.7757537364959717},"size":7.751762390136719,"orthographic":false}