{"cameraMode":{"drawMode":0,"name":"Shaded","section":"Shading Mode"},"sceneLighting":true,"audioPlay":false,"sceneViewState":{"showFog":false,"showMaterialUpdate":false,"showSkybox":false,"showFlares":false,"showImageEffects":false,"showParticleSystems":false},"in2DMode":false,"pivot":{"x":-0.02947998046875,"y":2.115966796875,"z":-2.5712890625},"rotation":{"x":0.05844603851437569,"y":-0.02695108763873577,"z":0.001579328323714435,"w":0.9979404807090759},"size":11.892236709594727,"orthographic":true}