{"cameraMode":{"drawMode":0,"name":"Shaded","section":"Shading Mode"},"sceneLighting":false,"audioPlay":false,"sceneViewState":{"showFog":false,"showMaterialUpdate":false,"showSkybox":false,"showFlares":false,"showImageEffects":false,"showParticleSystems":false},"in2DMode":false,"pivot":{"x":2.941844940185547,"y":0.46993160247802737,"z":1.8291707038879395},"rotation":{"x":0.07668621093034744,"y":0.9176167845726013,"z":-0.21727508306503297,"w":0.323868066072464},"size":1.4804441928863526,"orthographic":false}