{"cameraMode":{"drawMode":0,"name":"Shaded","section":"Shading Mode"},"sceneLighting":true,"audioPlay":false,"sceneViewState":{"showFog":false,"showMaterialUpdate":false,"showSkybox":false,"showFlares":false,"showImageEffects":false,"showParticleSystems":false},"in2DMode":false,"pivot":{"x":-2.39215087890625,"y":-1.338134765625,"z":-0.927734375},"rotation":{"x":0.14045873284339906,"y":-0.03266724571585655,"z":0.004638038109987974,"w":0.9895523190498352},"size":6.1746721267700199,"orthographic":true}