{"cameraMode":{"drawMode":0,"name":"Shaded","section":"Shading Mode"},"sceneLighting":false,"audioPlay":false,"sceneViewState":{"showFog":false,"showMaterialUpdate":false,"showSkybox":false,"showFlares":false,"showImageEffects":false,"showParticleSystems":false},"in2DMode":false,"pivot":{"x":-1.1441650390625,"y":2.5983009338378908,"z":-0.498046875},"rotation":{"x":0.14045873284339906,"y":-0.03266724571585655,"z":0.004638038109987974,"w":0.9895523190498352},"size":3.485875368118286,"orthographic":true}