{"cameraMode":{"drawMode":0,"name":"Shaded","section":"Shading Mode"},"sceneLighting":true,"audioPlay":false,"sceneViewState":{"showFog":false,"showMaterialUpdate":false,"showSkybox":false,"showFlares":false,"showImageEffects":false,"showParticleSystems":false},"in2DMode":false,"pivot":{"x":-81.2073745727539,"y":180.9523468017578,"z":-137.04995727539063},"rotation":{"x":0.14457596838474275,"y":0.2836240530014038,"z":-0.043300800025463107,"w":0.9469845294952393},"size":2.74342679977417,"orthographic":false}