{"cameraMode":{"drawMode":0,"name":"Shaded","section":"Shading Mode"},"sceneLighting":true,"audioPlay":false,"sceneViewState":{"showFog":true,"showMaterialUpdate":false,"showSkybox":true,"showFlares":true,"showImageEffects":true,"showParticleSystems":true},"in2DMode":false,"pivot":{"x":5.741245746612549,"y":12.879913330078125,"z":-7.88214111328125},"rotation":{"x":0.00040732172783464193,"y":0.9989981651306152,"z":-0.04379371553659439,"w":0.009291937574744225},"size":52.347232818603519,"orthographic":false}