{"cameraMode":{"drawMode":0,"name":"Shaded","section":"Shading Mode"},"sceneLighting":true,"audioPlay":false,"sceneViewState":{"showFog":true,"showMaterialUpdate":false,"showSkybox":true,"showFlares":true,"showImageEffects":true,"showParticleSystems":true},"in2DMode":false,"pivot":{"x":3.2979202270507814,"y":5.997465133666992,"z":-0.2995462417602539},"rotation":{"x":-0.0536288283765316,"y":-0.15455061197280885,"z":0.00840181764215231,"w":-0.9864943623542786},"size":7.899069309234619,"orthographic":false}