{"cameraMode":{"drawMode":0,"name":"Shaded","section":"Shading Mode"},"sceneLighting":true,"audioPlay":false,"sceneViewState":{"showFog":true,"showMaterialUpdate":false,"showSkybox":true,"showFlares":true,"showImageEffects":true,"showParticleSystems":true},"in2DMode":false,"pivot":{"x":83.15798950195313,"y":71.21485900878906,"z":-11.224929809570313},"rotation":{"x":-0.05927983671426773,"y":0.9406743049621582,"z":0.231385737657547,"w":0.24099615216255189},"size":61.98329544067383,"orthographic":false}